edad;genero;carrera;PromedioPrimerCuatrimestre;CantMateriasAprobadasPrimerCuatrimestre;CantMateriasDesaprobadasPrimerCuatrimestre;AsistenciaPromedio(%);trabaja/NoTrabaja;DistanciaDomicilioAlInstituto(Kms);ActividadesExtracurriculares(Estudio);EstadoFinal
54;f;TECNICATURA SUPERIOR EN ADMINISTRACIÓN DE PYMES;7,44;3;6;66,32;Si;4;Si;Continúa
51;m;TECNICATURA SUPERIOR EN ADMINISTRACIÓN CONTABLE;7;7;7;50,64;No;15;No;Continúa
59;f;TECNICATURA SUPERIOR EN RADIOLOGIA;8,04;3;2;52,28;No;14;Si;Abandonó
29;m;TECNICATURA SUPERIOR EN RADIOLOGIA;8,41;2;3;41,76;No;14;No;Continúa
57;f;TECNICATURA SUPERIOR EN RADIOLOGIA;4,04;5;2;72,07;Si;9;Si;Abandonó
45;f;TECNICATURA SUPERIOR EN ADMINISTRACIÓN DE PYMES;4,46;4;3;62;No;2;No;Abandonó
37;m;TECNICATURA SUPERIOR EN DISEÑO INDUSTRIAL;7,88;4;5;46,96;Si;2;No;Continúa
48;m;TECNICATURA SUPERIOR EN ADMINISTRACIÓN CONTABLE;8,03;3;5;64,67;No;14;Si;Abandonó
50;m;TECNICATURA SUPERIOR EN ENFERMERÍA;9,19;5;1;46,41;No;5;No;Continúa
37;f;TECNICATURA SUPERIOR EN CIENCIA DE DATOS E INTELIGENCIA ARTIFICIAL;7,97;2;6;99,01;Si;3;Si;Continúa
45;f;TECNICATURA SUPERIOR EN CIENCIA DE DATOS E INTELIGENCIA ARTIFICIAL;8,2;5;7;96,94;No;14;No;Abandonó
43;m;TECNICATURA SUPERIOR EN ADMINISTRACIÓN CONTABLE;4,17;4;5;44,37;Si;13;No;Continúa
21;f;TECNICATURA SUPERIOR EN ADMINISTRACIÓN DE PYMES;8,35;4;2;73,69;No;15;No;Abandonó
28;f;TECNICATURA SUPERIOR EN ADMINISTRACIÓN CONTABLE;4,48;2;7;59,36;No;18;No;Continúa
46;m;TÉCNICATURA SUPERIOR EN HIGIENE Y SEGURIDAD EN EL TRABAJO;6,62;5;2;97,84;No;12;Si;Continúa
40;f;TECNICATURA SUPERIOR EN CIENCIA DE DATOS E INTELIGENCIA ARTIFICIAL;8,51;4;4;94,19;Si;18;Si;Continúa
22;f;TECNICATURA SUPERIOR EN ADMINISTRACIÓN CONTABLE;8,66;7;3;51,97;No;15;No;Continúa
60;m;TECNICATURA SUPERIOR EN CIENCIA DE DATOS E INTELIGENCIA ARTIFICIAL;8,43;6;6;79,54;Si;18;No;Abandonó
58;m;TECNICATURA SUPERIOR EN ADMINISTRACIÓN CONTABLE;4,34;1;5;69,93;Si;4;No;Abandonó
45;m;TECNICATURA SUPERIOR EN ANÁLISIS DE SISTEMAS;6,53;6;6;91,59;Si;4;No;Continúa
23;f;TECNICATURA SUPERIOR EN ADMINISTRACIÓN DE PYMES;8,6;2;1;53,24;No;11;No;Abandonó
32;m;TECNICATURA SUPERIOR EN ANÁLISIS DE SISTEMAS;5,35;2;6;64,05;No;14;Si;Continúa
45;m;TECNICATURA SUPERIOR EN ADMINISTRACIÓN CONTABLE;6,03;6;4;92,77;Si;3;Si;Abandonó
20;m;TECNICATURA SUPERIOR EN CIENCIA DE DATOS E INTELIGENCIA ARTIFICIAL;6,84;4;7;46,11;Si;16;No;Abandonó
24;f;TECNICATURA SUPERIOR EN COMUNICACIÓN MULTIMEDIAL;7,14;5;5;44,36;Si;6;No;Continúa
29;f;TECNICATURA SUPERIOR EN ENFERMERÍA;8,6;7;3;91,77;Si;9;Si;Abandonó
38;m;TECNICATURA SUPERIOR EN ENFERMERÍA;7,86;3;6;73,26;No;6;Si;Continúa
35;m;TECNICATURA SUPERIOR EN CIENCIA DE DATOS E INTELIGENCIA ARTIFICIAL;4,25;1;6;91,7;No;8;Si;Abandonó
47;m;TECNICATURA SUPERIOR EN ADMINISTRACIÓN DE PYMES;7,89;5;2;53,88;Si;14;Si;Abandonó
18;m;TECNICATURA SUPERIOR EN DISEÑO INDUSTRIAL;4,22;3;2;98,65;Si;15;No;Continúa
39;f;TECNICATURA SUPERIOR EN DISEÑO INDUSTRIAL;7,83;7;5;58,95;Si;14;Si;Abandonó
50;m;TÉCNICATURA SUPERIOR EN HIGIENE Y SEGURIDAD EN EL TRABAJO;8,39;3;4;42,24;Si;8;Si;Abandonó
36;m;TECNICATURA SUPERIOR EN ANÁLISIS DE SISTEMAS;6,41;1;6;59,13;No;7;No;Abandonó
31;m;TECNICATURA SUPERIOR EN ADMINISTRACIÓN DE PYMES;4,34;1;4;48,73;No;9;Si;Continúa
49;f;TECNICATURA SUPERIOR EN RADIOLOGIA;5,06;3;3;70,57;No;17;Si;Continúa
56;m;TECNICATURA SUPERIOR EN DISEÑO INDUSTRIAL;9,62;1;3;54,41;No;9;No;Abandonó
21;f;TECNICATURA SUPERIOR EN DISEÑO INDUSTRIAL;4,25;3;6;78,37;Si;16;No;Continúa
40;m;TECNICATURA SUPERIOR EN ENFERMERÍA;6,5;4;3;42,55;Si;1;No;Abandonó
27;f;TÉCNICATURA SUPERIOR EN HIGIENE Y SEGURIDAD EN EL TRABAJO;9,06;1;7;76,59;No;2;No;Abandonó
24;m;TECNICATURA SUPERIOR EN RADIOLOGIA;8,96;5;5;90,71;Si;8;Si;Continúa
38;m;TECNICATURA SUPERIOR EN CIENCIA DE DATOS E INTELIGENCIA ARTIFICIAL;4,19;4;6;84,3;No;2;Si;Abandonó
33;m;TÉCNICATURA SUPERIOR EN HIGIENE Y SEGURIDAD EN EL TRABAJO;7,95;4;4;72,67;No;19;No;Abandonó
42;m;TECNICATURA SUPERIOR EN ANÁLISIS DE SISTEMAS;8,23;7;3;69,81;No;20;No;Abandonó
39;m;TECNICATURA SUPERIOR EN ENFERMERÍA;8,1;3;1;47,57;Si;4;No;Continúa
26;m;TECNICATURA SUPERIOR EN CIENCIA DE DATOS E INTELIGENCIA ARTIFICIAL;4,46;5;3;90,95;Si;12;Si;Abandonó
20;f;TECNICATURA SUPERIOR EN COMUNICACIÓN MULTIMEDIAL;9,91;4;4;69,73;Si;7;Si;Continúa
54;f;TECNICATURA SUPERIOR EN COMUNICACIÓN MULTIMEDIAL;5,17;6;3;67,24;No;13;No;Abandonó
21;f;TECNICATURA SUPERIOR EN ADMINISTRACIÓN DE PYMES;5,2;5;7;74,71;No;4;Si;Continúa
55;f;TECNICATURA SUPERIOR EN ADMINISTRACIÓN DE PYMES;6,37;4;5;52,28;No;18;No;Continúa
25;f;TECNICATURA SUPERIOR EN ANÁLISIS DE SISTEMAS;5,34;6;4;97,8;Si;1;Si;Abandonó
53;f;TECNICATURA SUPERIOR EN RADIOLOGIA;9,99;1;7;55,59;No;8;Si;Abandonó
25;f;TECNICATURA SUPERIOR EN ADMINISTRACIÓN DE PYMES;7,14;5;2;91,35;Si;4;No;Abandonó
43;f;TECNICATURA SUPERIOR EN DISEÑO INDUSTRIAL;4,61;6;5;68,36;Si;17;Si;Abandonó
28;f;TECNICATURA SUPERIOR EN DISEÑO INDUSTRIAL;7,69;6;3;61,5;Si;6;Si;Abandonó
51;m;TECNICATURA SUPERIOR EN ADMINISTRACIÓN CONTABLE;8,7;1;4;48,09;No;8;No;Abandonó
56;m;TECNICATURA SUPERIOR EN RADIOLOGIA;6,12;1;5;61,71;No;19;Si;Continúa
39;f;TECNICATURA SUPERIOR EN DISEÑO INDUSTRIAL;6,63;1;3;52,24;No;11;No;Abandonó
55;f;TECNICATURA SUPERIOR EN ENFERMERÍA;8,19;3;6;53,99;No;15;Si;Abandonó
27;f;TECNICATURA SUPERIOR EN COMUNICACIÓN MULTIMEDIAL;8,35;3;2;69;No;10;Si;Continúa
26;f;TÉCNICATURA SUPERIOR EN HIGIENE Y SEGURIDAD EN EL TRABAJO;8,35;3;6;96,98;No;17;Si;Continúa
42;m;TECNICATURA SUPERIOR EN ANÁLISIS DE SISTEMAS;7,94;2;6;92,58;Si;15;No;Abandonó
40;m;TECNICATURA SUPERIOR EN COMUNICACIÓN MULTIMEDIAL;9,24;5;3;50,82;Si;5;Si;Continúa
55;f;TECNICATURA SUPERIOR EN RADIOLOGIA;6,75;2;5;97,1;No;8;Si;Abandonó
19;m;TECNICATURA SUPERIOR EN ANÁLISIS DE SISTEMAS;8,29;6;3;59,23;No;9;Si;Continúa
60;m;TECNICATURA SUPERIOR EN RADIOLOGIA;4,55;2;7;54,4;No;12;Si;Continúa
60;f;TECNICATURA SUPERIOR EN COMUNICACIÓN MULTIMEDIAL;9,21;6;5;93,74;Si;18;No;Continúa
52;f;TECNICATURA SUPERIOR EN CIENCIA DE DATOS E INTELIGENCIA ARTIFICIAL;7,77;1;5;86,73;No;7;No;Abandonó
42;f;TECNICATURA SUPERIOR EN ADMINISTRACIÓN CONTABLE;9,46;4;4;61,46;Si;3;Si;Abandonó
59;f;TECNICATURA SUPERIOR EN DISEÑO INDUSTRIAL;5,74;5;2;79,48;Si;6;Si;Continúa
42;m;TECNICATURA SUPERIOR EN ANÁLISIS DE SISTEMAS;9,73;6;5;46,89;No;18;No;Abandonó
47;m;TECNICATURA SUPERIOR EN COMUNICACIÓN MULTIMEDIAL;9,6;3;7;91,31;No;10;Si;Abandonó
23;m;TECNICATURA SUPERIOR EN ENFERMERÍA;7,84;5;3;43,98;No;3;Si;Continúa
34;f;TECNICATURA SUPERIOR EN DISEÑO INDUSTRIAL;9,74;3;3;58,79;Si;5;Si;Abandonó
32;f;TECNICATURA SUPERIOR EN DISEÑO INDUSTRIAL;9,4;7;3;87,72;No;10;Si;Abandonó
50;m;TECNICATURA SUPERIOR EN COMUNICACIÓN MULTIMEDIAL;6,21;5;4;69,3;No;10;No;Abandonó
53;f;TECNICATURA SUPERIOR EN CIENCIA DE DATOS E INTELIGENCIA ARTIFICIAL;5,79;1;2;62,91;No;9;Si;Abandonó
27;f;TECNICATURA SUPERIOR EN ADMINISTRACIÓN CONTABLE;9,74;5;6;75,67;No;15;Si;Continúa
50;f;TECNICATURA SUPERIOR EN ENFERMERÍA;5,52;3;3;95,89;Si;3;No;Continúa
40;f;TECNICATURA SUPERIOR EN ANÁLISIS DE SISTEMAS;4,88;3;3;91,09;No;13;No;Abandonó
50;m;TECNICATURA SUPERIOR EN CIENCIA DE DATOS E INTELIGENCIA ARTIFICIAL;6,28;3;5;51,05;Si;13;Si;Continúa
50;f;TECNICATURA SUPERIOR EN ENFERMERÍA;7,46;6;4;83,91;No;20;Si;Abandonó
19;m;TECNICATURA SUPERIOR EN RADIOLOGIA;8,12;5;6;69,59;Si;9;Si;Continúa
40;m;TECNICATURA SUPERIOR EN CIENCIA DE DATOS E INTELIGENCIA ARTIFICIAL;5,59;4;2;72,6;Si;15;Si;Abandonó
22;m;TECNICATURA SUPERIOR EN ADMINISTRACIÓN CONTABLE;6,53;2;6;88,34;Si;4;No;Continúa
19;f;TECNICATURA SUPERIOR EN RADIOLOGIA;7,06;5;3;50,64;No;7;No;Continúa
51;f;TECNICATURA SUPERIOR EN ENFERMERÍA;8,65;3;7;46,04;No;12;No;Continúa
43;f;TECNICATURA SUPERIOR EN ANÁLISIS DE SISTEMAS;5,18;4;3;91,19;No;10;No;Continúa
45;m;TECNICATURA SUPERIOR EN ADMINISTRACIÓN CONTABLE;5,91;5;5;42,22;Si;7;Si;Abandonó
44;m;TECNICATURA SUPERIOR EN ADMINISTRACIÓN DE PYMES;4,32;5;4;71,57;No;20;No;Continúa
56;m;TECNICATURA SUPERIOR EN RADIOLOGIA;9,45;5;5;80,4;No;17;Si;Abandonó
39;m;TÉCNICATURA SUPERIOR EN HIGIENE Y SEGURIDAD EN EL TRABAJO;4,06;2;4;47,89;Si;5;Si;Abandonó
39;f;TECNICATURA SUPERIOR EN ADMINISTRACIÓN DE PYMES;7,17;6;4;81,77;No;3;No;Continúa
29;m;TECNICATURA SUPERIOR EN ENFERMERÍA;6,67;5;7;98,74;No;8;Si;Continúa
42;f;TECNICATURA SUPERIOR EN ADMINISTRACIÓN DE PYMES;7,01;6;3;87,44;Si;12;No;Continúa
22;m;TECNICATURA SUPERIOR EN COMUNICACIÓN MULTIMEDIAL;7,42;3;6;48,8;No;16;No;Abandonó
50;f;TECNICATURA SUPERIOR EN RADIOLOGIA;6,04;4;6;85,32;Si;9;No;Continúa
47;m;TECNICATURA SUPERIOR EN ADMINISTRACIÓN CONTABLE;7,33;1;6;47,77;No;19;Si;Abandonó
40;f;TECNICATURA SUPERIOR EN DISEÑO INDUSTRIAL;7,05;6;4;64,68;No;18;Si;Abandonó
21;m;TECNICATURA SUPERIOR EN ADMINISTRACIÓN CONTABLE;9,93;2;5;57,96;No;14;Si;Abandonó
50;m;TECNICATURA SUPERIOR EN ADMINISTRACIÓN CONTABLE;7,46;1;4;54,12;Si;4;No;Abandonó
